{
  "armature_data": [
    {
      "strVersion": "1.0.2.0",
      "version": 1.02,
      "name": "ChenXiaoGeRunning",
      "bone_data": [
        {
          "name": "Layer39",
          "parent": "",
          "x": 285.33328247070312,
          "y": 69.7822036743164,
          "z": 13,
          "cX": 1.0,
          "cY": 1.0,
          "kX": 0.0,
          "kY": 0.0,
          "arrow_x": 0.0,
          "arrow_y": 0.0,
          "effectbyskeleton": false,
          "display_data": [
            {
              "name": "rightUpperArm.png",
              "displayType": 0,
              "skin_data": [
                {
                  "x": 0.0,
                  "y": 0.0,
                  "cX": 1.0,
                  "cY": 1.0,
                  "kX": 0.0,
                  "kY": 0.0
                }
              ]
            }
          ]
        },
        {
          "name": "body",
          "parent": "",
          "x": 0.33329319953918457,
          "y": -19.551122665405273,
          "z": 5,
          "cX": 1.0,
          "cY": 1.0,
          "kX": -1.62479782,
          "kY": 1.62479782,
          "arrow_x": 49.405376434326172,
          "arrow_y": -4.2680148908402771E-05,
          "effectbyskeleton": true,
          "display_data": [
            {
              "name": "body.png",
              "displayType": 0,
              "skin_data": [
                {
                  "x": 22.88474,
                  "y": -0.7363229,
                  "cX": 1.0,
                  "cY": 1.0,
                  "kX": 1.62479782,
                  "kY": -1.62479866
                }
              ]
            }
          ]
        },
        {
          "name": "leftUpperArm",
          "parent": "body",
          "x": 43.144214630126953,
          "y": 7.6824769973754883,
          "z": 9,
          "cX": 1.0,
          "cY": 1.0,
          "kX": 4.19966125,
          "kY": -4.19966125,
          "arrow_x": 34.769050598144531,
          "arrow_y": 7.4672570917755365E-06,
          "effectbyskeleton": true,
          "display_data": [
            {
              "name": "leftUpperArm.png",
              "displayType": 0,
              "skin_data": [
                {
                  "x": 19.0536156,
                  "y": 0.449764252,
                  "cX": 1.0,
                  "cY": 1.0,
                  "kX": 3.708321,
                  "kY": 2.574864
                }
              ]
            }
          ]
        },
        {
          "name": "leftLowerArm",
          "parent": "leftUpperArm",
          "x": 34.769073486328125,
          "y": 2.634257725731004E-06,
          "z": 10,
          "cX": 1.0,
          "cY": 1.0,
          "kX": -1.26855552,
          "kY": 1.26855552,
          "arrow_x": 33.152835845947266,
          "arrow_y": 4.297032137401402E-05,
          "effectbyskeleton": true,
          "display_data": [
            {
              "name": "leftLowerArm.png",
              "displayType": 0,
              "skin_data": [
                {
                  "x": 18.9303436,
                  "y": 1.26185608,
                  "cX": 1.0,
                  "cY": 1.0,
                  "kX": -1.30630815,
                  "kY": 1.30630791
                }
              ]
            }
          ]
        },
        {
          "name": "head",
          "parent": "body",
          "x": 51.402427673339844,
          "y": -0.10795021057128906,
          "z": 6,
          "cX": 1.0,
          "cY": 1.0,
          "kX": 0.18059361,
          "kY": -0.18059361,
          "arrow_x": 110.88739013671875,
          "arrow_y": -4.1195587982656434E-05,
          "effectbyskeleton": true,
          "display_data": [
            {
              "name": "head.png",
              "displayType": 0,
              "skin_data": [
                {
                  "x": 59.1894379,
                  "y": 5.349058,
                  "cX": 1.00000012,
                  "cY": 1.00000012,
                  "kX": 1.44420433,
                  "kY": -1.4442035
                }
              ]
            }
          ]
        },
        {
          "name": "rightThigh",
          "parent": "body",
          "x": -3.8862180709838867,
          "y": 2.2129850387573242,
          "z": 4,
          "cX": 1.0,
          "cY": 1.0,
          "kX": 2.21780038,
          "kY": -2.21780038,
          "arrow_x": 36.980461120605469,
          "arrow_y": 5.51322300452739E-05,
          "effectbyskeleton": true,
          "display_data": [
            {
              "name": "rightThigh.png",
              "displayType": 0,
              "skin_data": [
                {
                  "x": 17.58058,
                  "y": -0.141359329,
                  "cX": 1.0,
                  "cY": 1.0,
                  "kX": -0.5930022,
                  "kY": 0.593003035
                }
              ]
            }
          ]
        },
        {
          "name": "rightShank",
          "parent": "rightThigh",
          "x": 36.98046875,
          "y": 9.0856019596685655E-08,
          "z": 11,
          "cX": 1.0,
          "cY": 1.0,
          "kX": 0.845242262,
          "kY": -0.845242262,
          "arrow_x": 20.176973342895508,
          "arrow_y": 8.6613130406476557E-05,
          "effectbyskeleton": true,
          "display_data": [
            {
              "name": "rightShank.png",
              "displayType": 0,
              "skin_data": [
                {
                  "x": 9.436474,
                  "y": 0.591383,
                  "cX": 1.0,
                  "cY": 1.0,
                  "kX": -1.4382447,
                  "kY": 1.43824446
                }
              ]
            }
          ]
        },
        {
          "name": "rightFoot",
          "parent": "rightShank",
          "x": 20.176994323730469,
          "y": 1.7744116576068336E-06,
          "z": 12,
          "cX": 1.0,
          "cY": 1.0,
          "kX": -1.06525707,
          "kY": 1.06525707,
          "arrow_x": 16.46551513671875,
          "arrow_y": 1.5401106793433428E-05,
          "effectbyskeleton": true,
          "display_data": [
            {
              "name": "rightFoot.png",
              "displayType": 0,
              "skin_data": [
                {
                  "x": 7.354683,
                  "y": -2.78714,
                  "cX": 1.00000012,
                  "cY": 1.00000012,
                  "kX": -0.372987747,
                  "kY": 0.372987747
                }
              ]
            }
          ]
        },
        {
          "name": "leftThigh",
          "parent": "body",
          "x": -5.3075666427612305,
          "y": 12.972051620483398,
          "z": 3,
          "cX": 1.0,
          "cY": 1.0,
          "kX": 3.610101,
          "kY": -3.610101,
          "arrow_x": 18.208616256713867,
          "arrow_y": 3.7708290619775653E-05,
          "effectbyskeleton": true,
          "display_data": [
            {
              "name": "leftThigh.png",
              "displayType": 0,
              "skin_data": [
                {
                  "x": 7.73947334,
                  "y": 2.13076353,
                  "cX": 1.0,
                  "cY": 1.0,
                  "kX": 4.297882,
                  "kY": 1.98530316
                }
              ]
            }
          ]
        },
        {
          "name": "leftShank",
          "parent": "leftThigh",
          "x": 18.208663940429688,
          "y": -5.4665383686369751E-07,
          "z": 8,
          "cX": 1.0,
          "cY": 1.0,
          "kX": 0.7128289,
          "kY": -0.7128289,
          "arrow_x": 25.05992317199707,
          "arrow_y": 3.1656440114602447E-05,
          "effectbyskeleton": true,
          "display_data": [
            {
              "name": "leftShank.png",
              "displayType": 0,
              "skin_data": [
                {
                  "x": 12.2495613,
                  "y": 1.22619247,