{
  "armature_data": [
    {
      "strVersion": "1.0.2.0",
      "version": 1.02,
      "name": "ChenXiaoGeWelcome",
      "bone_data": [
        {
          "name": "body",
          "parent": "",
          "x": -8.0,
          "y": -16.019989013671875,
          "z": 4,
          "cX": 1.0,
          "cY": 1.0,
          "kX": 0.0,
          "kY": 0.0,
          "arrow_x": 0.0,
          "arrow_y": 0.0,
          "effectbyskeleton": false,
          "display_data": [
            {
              "name": "body.png",
              "displayType": 0,
              "skin_data": [
                {
                  "x": 0.0,
                  "y": 0.0,
                  "cX": 1.0,
                  "cY": 1.0,
                  "kX": 0.0,
                  "kY": 0.0
                }
              ]
            }
          ]
        },
        {
          "name": "upperArm",
          "parent": "",
          "x": 12.500004768371582,
          "y": 28.112508773803711,
          "z": 3,
          "cX": 1.0,
          "cY": 1.0,
          "kX": -0.321750551,
          "kY": 0.321750551,
          "arrow_x": 19.764247894287109,
          "arrow_y": -1.328091457253322E-06,
          "effectbyskeleton": true,
          "display_data": [
            {
              "name": "upperArm.png",
              "displayType": 0,
              "skin_data": [
                {
                  "x": 7.470886,
                  "y": -0.513870239,
                  "cX": 1.0,
                  "cY": 1.0,
                  "kX": 0.32175076,
                  "kY": -0.321750432
                }
              ]
            }
          ]
        },
        {
          "name": "lowerArm",
          "parent": "upperArm",
          "x": 16.666542053222656,
          "y": -0.069850899279117584,
          "z": 2,
          "cX": 1.0,
          "cY": 1.0,
          "kX": -0.463647634,
          "kY": 0.463647634,
          "arrow_x": 31.819787979125977,
          "arrow_y": 4.7157504013739526E-05,
          "effectbyskeleton": true,
          "display_data": [
            {
              "name": "lowerArm.png",
              "displayType": 0,
              "skin_data": [
                {
                  "x": 11.5470352,
                  "y": -2.123652,
                  "cX": 1.0,
                  "cY": 1.0,
                  "kX": 0.785398066,
                  "kY": -0.7853983
                }
              ]
            }
          ]
        },
        {
          "name": "hand",
          "parent": "lowerArm",
          "x": 32.409080505371094,
          "y": 0.58926260471343994,
          "z": 5,
          "cX": 1.0,
          "cY": 1.0,
          "kX": -0.363978922,
          "kY": 0.363978922,
          "arrow_x": 26.48375129699707,
          "arrow_y": 5.8336914662504569E-05,
          "effectbyskeleton": true,
          "display_data": [
            {
              "name": "hand.png",
              "displayType": 0,
              "skin_data": [
                {
                  "x": 11.9487152,
                  "y": -1.40155983,
                  "cX": 1.0,
                  "cY": 1.0,
                  "kX": 1.149377,
                  "kY": -1.14937735
                }
              ]
            }
          ]
        },
        {
          "name": "head",
          "parent": "",
          "x": -5.0,
          "y": 99.980010986328125,
          "z": 1,
          "cX": 1.0,
          "cY": 1.0,
          "kX": 0.0,
          "kY": 0.0,
          "arrow_x": 0.0,
          "arrow_y": 0.0,
          "effectbyskeleton": false,
          "display_data": [
            {
              "name": "head.png",
              "displayType": 0,
              "skin_data": [
                {
                  "x": 0.0,
                  "y": 0.0,
                  "cX": 1.0,
                  "cY": 1.0,
                  "kX": 0.0,
                  "kY": 0.0
                }
              ]
            }
          ]
        }
      ]
    }
  ],
  "animation_data": [
    {
      "name": "ChenXiaoGeWelcome",
      "mov_data": [
        {
          "name": "Animation1",
          "dr": 0,
          "lp": true,
          "to": 0,
          "drTW": 0,
          "twE": 0,
          "sc": 1.0,
          "mov_bone_data": [
            {
              "name": "hand",
              "dl": 0.0,
              "frame_data": [
                {
                  "dI": 0,
                  "x": 0.0,
                  "y": 0.0,
                  "z": 0,
                  "cX": 1.0,
                  "cY": 1.0,
                  "kX": 0.0,
                  "kY": 0.0,
                  "fi": 0,
                  "twE": 0,
                  "tweenFrame": true
                },
                {
                  "dI": 0,
                  "x": 0.0,
                  "y": 0.0,
                  "z": 0,
                  "cX": 1.0,
                  "cY": 1.0,
                  "kX": 0.0,
                  "kY": 0.0,
                  "fi": 10,
                  "twE": 0,
                  "tweenFrame": true
                }
              ]
            },
            {
              "name": "body",
              "dl": 0.0,
              "frame_data": [
                {
                  "dI": 0,
                  "x": 0.0,
                  "y": 0.0,
                  "z": 0,
                  "cX": 1.0,
                  "cY": 1.0,
                  "kX": 0.0,
                  "kY": 0.0,
                  "fi": 0,
                  "twE": 0,
                  "tweenFrame": true
                }
              ]
            },
            {
              "name": "upperArm",
              "dl": 0.0,
              "frame_data": [
                {
                  "dI": 0,
                  "x": 0.0,
                  "y": 0.0,
                  "z": 0,
                  "cX": 1.0,
                  "cY": 1.0,
                  "kX": 0.0,
                  "kY": 0.0,
                  "fi": 0,
                  "twE": 0,
                  "tweenFrame": true
                }
              ]
            },
            {
              "name": "lowerArm",
              "dl": 0.0,
              "frame_data": [
                {
                  "dI": 0,
                  "x": 0.0,
                  "y": 0.0,
                  "z": 0,
                  "cX": 1.0,
                  "cY": 1.0,
                  "kX": 0.0,
                  "kY": 0.0,
                  "fi": 0,
                  "twE": 0,
                  "tweenFrame": true
                },
                {
                  "dI": 0,
                  "x": 0.0,
                  "y": 0.0,
                  "z": 0,
                  "cX": 1.0,
                  "cY": 1.0,
                  "kX": -0.10596659,
                  "kY": 0.10596659,
                  "fi": 10,
                  "twE": 0,
                  "tweenFrame": true,
                  "color": [
                    {
                      "a": 255,
                      "r": 255,
                      "g": 255,
                      "b": 255
                    }
                  ]
                }
              ]
            },
            {
              "name": "head",
              "dl": 0.0,
              "frame_data": [
                {
                  "dI": 0,
                  "x": 0.0,
                  "y": 0.0,
                  "z": 0,
                  "cX": 1.0,
                  "cY": 1.0,
                  "kX": 0.0,
                  "kY": 0.0,
                  "fi": 0,
                  "twE": 0,
                  "tweenFrame": true
                },
                {
                  "dI": 0,
                  "x": 0.0,
                  "y": 0.0,
                  "z": 0,
                  "cX": 1.0,
                  "cY": 1.0,
                  "kX": 0.0,
                  "kY": 0.0,
                  "fi": 10,
                  "twE": 0,
                  "tweenFrame": true,